cancer,cv,task_type,fold_count,mean_val_AUC,std_val_AUC,mean_test_AUC,std_test_AUC,mean_test_AUPR,std_test_AUPR,mean_test_F1,std_test_F1,selected_model_by_mean_val_AUC,source_prefix
BRCA,1,only_omics,5,0.9696460898,0.007177065975,0.9661732413,0.003975668603,0.9745307762,0.003245677459,0.9264674048,0.006616020015,not_applicable,server_official_e200_pan_e30
BRCA,1,only_kg,5,0.9659921711,0.006504264927,0.9619189551,0.004687994636,0.9725543505,0.003074961153,0.9176511742,0.008217207817,not_applicable,server_official_e200_pan_e30
BRCA,1,umt,5,0.9693143813,0.006129167672,0.9648749691,0.004842752123,0.9737438101,0.003351930548,0.9222901529,0.01089446958,UMT,server_official_e200_pan_e30
BRCA,1,ume,5,0.9682666367,0.006556301839,0.9658971454,0.003845951611,0.9752915181,0.002339906059,0.9268821206,0.005537355392,UME,server_official_e200_pan_e30
BRCA,2,only_omics,5,0.8924729888,0.0516211575,0.8449764403,0.05112090324,0.8755338096,0.04524089191,0.7847859954,0.03739363076,not_applicable,server_official_e200_pan_e30
BRCA,2,only_kg,5,0.8975664468,0.02489051439,0.8265867118,0.07204089262,0.8454558181,0.08835285616,0.7884952927,0.0240557744,not_applicable,server_official_e200_pan_e30
BRCA,2,umt,5,0.9092183923,0.02905595785,0.847636755,0.05044149798,0.8706784028,0.05645578804,0.7944497589,0.02532680016,UMT,server_official_e200_pan_e30
BRCA,2,ume,5,0.9039216025,0.03343032788,0.8455786529,0.05756251614,0.8707506449,0.05794732566,0.7927652306,0.03317743241,UME,server_official_e200_pan_e30
CESC,1,only_omics,5,0.863763735,0.05231566122,0.7639327984,0.07499730712,0.7736890954,0.08067241528,0.7736602571,0.0368463961,not_applicable,server_official_e200_pan_e30
CESC,1,only_kg,5,0.8074696548,0.09800149406,0.7891518267,0.04922790811,0.7813921837,0.07826647239,0.7809432879,0.02668181809,not_applicable,server_official_e200_pan_e30
CESC,1,umt,5,0.8520861904,0.0918164619,0.8051230839,0.04042351575,0.7982240238,0.06223263187,0.7972278068,0.03658555386,UMT,server_official_e200_pan_e30
CESC,1,ume,5,0.824900553,0.09398381932,0.793802074,0.0438747099,0.8041358331,0.05747306163,0.7836583385,0.02624748219,UME,server_official_e200_pan_e30
CESC,2,only_omics,5,0.7530361861,0.05365167126,0.6829750519,0.05052144418,0.7067760423,0.06140396057,0.6993679569,0.02984133121,not_applicable,server_official_e200_pan_e30
CESC,2,only_kg,5,0.7303627099,0.02006415886,0.6803873727,0.02435504029,0.7181198194,0.03306578533,0.6900362093,0.01459971733,not_applicable,server_official_e200_pan_e30
CESC,2,umt,5,0.7327708645,0.0425260593,0.6769730044,0.07647497509,0.7050227973,0.07436028656,0.7011570886,0.04053873686,UME,server_official_e200_pan_e30
CESC,2,ume,5,0.7511094546,0.05036317434,0.6877604584,0.04685931117,0.7189381377,0.05210135583,0.7018378474,0.02895329596,UMT,server_official_e200_pan_e30
COAD,1,only_omics,5,0.7144960465,0.04640795696,0.7093536285,0.02102011367,0.6841234932,0.0288209886,0.7157200404,0.01584970401,not_applicable,server_official_e200_pan_e30
COAD,1,only_kg,5,0.6989959072,0.02003435925,0.6767055359,0.01985151439,0.674502835,0.02034581795,0.7015759897,0.01968954876,not_applicable,server_official_e200_pan_e30
COAD,1,umt,5,0.6984663247,0.02488141897,0.6841518106,0.009168180797,0.6901843667,0.0150808467,0.7025769772,0.01727153853,UME,server_official_e200_pan_e30
COAD,1,ume,5,0.7317162874,0.03512816527,0.716225117,0.02614690683,0.7052671788,0.03308041366,0.7172629992,0.02296382247,UMT,server_official_e200_pan_e30
COAD,2,only_omics,5,0.6890090809,0.03770383486,0.6093672862,0.03848667504,0.6022526962,0.04107774815,0.6868027061,0.009481424567,not_applicable,server_official_e200_pan_e30
COAD,2,only_kg,5,0.6430324327,0.03996163716,0.6083058783,0.01999053302,0.5950376278,0.02110373082,0.6870994943,0.00955100841,not_applicable,server_official_e200_pan_e30
COAD,2,umt,5,0.6609485519,0.04546474954,0.6234687208,0.01600646732,0.6092248219,0.02486641464,0.6870505291,0.007375846909,UME,server_official_e200_pan_e30
COAD,2,ume,5,0.6863021199,0.03257784508,0.6328243849,0.02636964372,0.6145556474,0.03470380967,0.6904497036,0.009602112531,UMT,server_official_e200_pan_e30
KIRC,1,only_omics,5,0.926521164,0.0634736801,0.6504484404,0.07029159308,0.6897581279,0.04995836429,0.7366164875,0.0464882461,not_applicable,server_official_e200_pan_e30
KIRC,1,only_kg,5,0.9311507937,0.06309274229,0.7229839605,0.06097914067,0.738976385,0.03798329448,0.7879829974,0.04563593108,not_applicable,server_official_e200_pan_e30
KIRC,1,umt,5,0.9157275132,0.06436046887,0.7315698191,0.1069114774,0.733417396,0.08025539622,0.7955278663,0.06402608005,UME,server_official_e200_pan_e30
KIRC,1,ume,5,0.9323941799,0.060874453,0.6632156732,0.08347918481,0.703976841,0.06453979596,0.7426164875,0.04588855169,UMT,server_official_e200_pan_e30
KIRC,2,only_omics,5,0.6302476638,0.1621780108,0.5912021251,0.1233004587,0.6429010366,0.1343220685,0.7120928452,0.05933464813,not_applicable,server_official_e200_pan_e30
KIRC,2,only_kg,5,0.781223782,0.1674339454,0.5826622688,0.05615445812,0.6138238151,0.07321826962,0.6975099602,0.02062478691,not_applicable,server_official_e200_pan_e30
KIRC,2,umt,5,0.7660478424,0.1132738192,0.5895903836,0.0607237962,0.6036494908,0.07994408365,0.6938516524,0.02497162893,UMT,server_official_e200_pan_e30
KIRC,2,ume,5,0.6509570552,0.1707780205,0.6059652602,0.1215643846,0.6511326839,0.1299413312,0.7172163466,0.05961158333,UME,server_official_e200_pan_e30
LAML,1,only_omics,5,0.721816524,0.02579841704,0.6868346157,0.02718272982,0.6857280791,0.03412518077,0.6936572113,0.0220095337,not_applicable,server_official_e200_pan_e30
LAML,1,only_kg,5,0.7131395088,0.03212631688,0.701658559,0.01493843478,0.698154143,0.03075111828,0.7010431697,0.02128798778,not_applicable,server_official_e200_pan_e30
LAML,1,umt,5,0.7100319101,0.02653234713,0.696178085,0.01216768169,0.7000623563,0.02305034362,0.6956466789,0.02245662867,UME,server_official_e200_pan_e30
LAML,1,ume,5,0.7170279329,0.02674744609,0.7013517535,0.01697358248,0.7031571596,0.02505352465,0.6957591165,0.02488039164,UMT,server_official_e200_pan_e30
LAML,2,only_omics,5,0.6347617781,0.04230955822,0.6227401118,0.02010775266,0.6246258004,0.02972930403,0.6732775147,0.0113577583,not_applicable,server_official_e200_pan_e30
LAML,2,only_kg,5,0.6495116334,0.0385622627,0.6311963348,0.02122137731,0.6359446853,0.0185664429,0.6782419598,0.01213368826,not_applicable,server_official_e200_pan_e30
LAML,2,umt,5,0.6495980939,0.0386844992,0.6272718594,0.01986881014,0.6373966221,0.01926013653,0.6775705715,0.01344328638,UMT,server_official_e200_pan_e30
LAML,2,ume,5,0.6461491277,0.04150445805,0.6327461676,0.02036318349,0.6376524759,0.02462098542,0.6766651236,0.01137958511,UME,server_official_e200_pan_e30
LUAD,1,only_omics,5,0.9028988633,0.01256449242,0.8776632549,0.03101482768,0.8532619567,0.03096374093,0.8250219075,0.0299749855,not_applicable,server_official_e200_pan_e30
LUAD,1,only_kg,5,0.8989796531,0.02227412535,0.8938487981,0.02546619064,0.8747350055,0.02536989576,0.8337000229,0.02304351873,not_applicable,server_official_e200_pan_e30
LUAD,1,umt,5,0.8996564955,0.01726072383,0.894448049,0.02694936307,0.8745382077,0.01807713776,0.8371453857,0.01958760628,UME,server_official_e200_pan_e30
LUAD,1,ume,5,0.9036752287,0.0195211872,0.8954509768,0.02262671249,0.8768421088,0.02387994818,0.8309736083,0.02213034665,UMT,server_official_e200_pan_e30
LUAD,2,only_omics,5,0.803155461,0.08085856874,0.8092707604,0.07177828986,0.7855161157,0.08332678574,0.7573489077,0.05242566313,not_applicable,server_official_e200_pan_e30
LUAD,2,only_kg,5,0.8201526786,0.07313309263,0.8112596028,0.08882404441,0.7886279361,0.1260579626,0.7760798148,0.04320058343,not_applicable,server_official_e200_pan_e30
LUAD,2,umt,5,0.7912186608,0.1316711629,0.767664282,0.1732394883,0.7639694299,0.1618536665,0.7639644265,0.06825035942,UME,server_official_e200_pan_e30
LUAD,2,ume,5,0.8126713502,0.088335642,0.81580199,0.08639713159,0.792070872,0.1119082663,0.7735673073,0.05145183218,UMT,server_official_e200_pan_e30
OV,1,only_omics,5,0.9788354693,0.01738720026,0.9812858642,0.008065074954,0.9820766529,0.00741415638,0.9612445042,0.007825175973,not_applicable,server_official_e200_pan_e30
OV,1,only_kg,5,0.9801961758,0.02056477823,0.9739209855,0.01941370252,0.9787317642,0.01246225528,0.9589031442,0.01795318637,not_applicable,server_official_e200_pan_e30
OV,1,umt,5,0.9825232824,0.01812628446,0.9780327464,0.01752415146,0.9834153482,0.01047903675,0.9618562401,0.00792097285,UMT,server_official_e200_pan_e30
OV,1,ume,5,0.9788165528,0.01933675559,0.9801742455,0.01271916277,0.9826007257,0.009272668191,0.9657722372,0.005232745968,UME,server_official_e200_pan_e30
OV,2,only_omics,5,0.7772009602,0.05469123538,0.7358884931,0.1286379625,0.6487583263,0.1140707193,0.8064508142,0.0474976778,not_applicable,server_official_e200_pan_e30
OV,2,only_kg,5,0.8628750339,0.1229932786,0.8116173311,0.0816266253,0.7509018844,0.1054524497,0.8233855035,0.03867991263,not_applicable,server_official_e200_pan_e30
OV,2,umt,5,0.8652405006,0.1116475059,0.8129632248,0.08931020198,0.7482729468,0.1237807043,0.8238955688,0.03974462462,UMT,server_official_e200_pan_e30
OV,2,ume,5,0.8367034138,0.07807070064,0.7786359033,0.1160392535,0.7014505593,0.1219761252,0.8160252874,0.0452068598,UME,server_official_e200_pan_e30
SKCM,1,only_omics,5,0.7711636362,0.07756060602,0.6390468489,0.09501630495,0.6856012795,0.07943379786,0.7068724472,0.06689418765,not_applicable,server_official_e200_pan_e30
SKCM,1,only_kg,5,0.7807197847,0.04539033069,0.7772478187,0.06755978768,0.8239040389,0.0578842316,0.7579184589,0.06768868182,not_applicable,server_official_e200_pan_e30
SKCM,1,umt,5,0.8114957208,0.04222235155,0.8043812584,0.03662716253,0.846044314,0.0449556575,0.7577607106,0.05603685172,UMT,server_official_e200_pan_e30
SKCM,1,ume,5,0.7693662419,0.05135669136,0.7890855649,0.03708485493,0.8224980449,0.04989305721,0.7599003312,0.05802461663,UME,server_official_e200_pan_e30
SKCM,2,only_omics,5,0.7567704974,0.1949607092,0.7412099107,0.1872871268,0.7608481829,0.1795727862,0.7906618525,0.1452500297,not_applicable,server_official_e200_pan_e30
SKCM,2,only_kg,5,0.7499299585,0.1907092665,0.6174100852,0.2142612798,0.6730356538,0.1839797842,0.7316914614,0.1113204594,not_applicable,server_official_e200_pan_e30
SKCM,2,umt,5,0.8003256548,0.2032092466,0.7645268779,0.1575278909,0.7893721075,0.1545794904,0.7798817785,0.1064902889,UMT,server_official_e200_pan_e30
SKCM,2,ume,5,0.7843536724,0.1951103494,0.7572869643,0.1773480479,0.7829029978,0.1677971011,0.7979849348,0.1400657824,UME,server_official_e200_pan_e30
pan,1,only_omics,5,0.9619540641,0.001912504776,0.9633186259,0.001544383392,0.9644704689,0.0007552687266,0.9061485861,0.001686362254,not_applicable,server_official_e200_pan_e30
pan,1,only_kg,5,0.9616099219,0.00200937736,0.9631078087,0.000539730381,0.9660334634,0.0004456961908,0.9057400072,0.001005340631,not_applicable,server_official_e200_pan_e30
pan,1,umt,5,0.961574471,0.002022736251,0.9630983253,0.0007753545432,0.9655584634,0.0005726731761,0.9062287566,0.001701612231,UME,server_official_e200_pan_e30
pan,1,ume,5,0.9640994383,0.001949121979,0.9653956812,0.001041872118,0.9670997748,0.0004989235877,0.9092548602,0.001325909497,UMT,server_official_e200_pan_e30
pan,2,only_omics,5,0.8493708581,0.01394557195,0.8253986213,0.02831623796,0.8463746933,0.0255342668,0.7541691267,0.02624739137,not_applicable,server_official_e200_pan_e30
pan,2,only_kg,5,0.8689248388,0.006312121253,0.8593907523,0.01984006082,0.8766961771,0.01977385074,0.788290844,0.02089395621,not_applicable,server_official_e200_pan_e30
pan,2,umt,5,0.8725638051,0.004945900193,0.863738333,0.02191773368,0.8795545524,0.02116425074,0.7940533285,0.02346520967,UME,server_official_e200_pan_e30
pan,2,ume,5,0.8750764093,0.004429241311,0.8618835342,0.02415546468,0.8753629897,0.02288246748,0.7948173417,0.02601999212,UMT,server_official_e200_pan_e30
pan,3,only_omics,5,0.6569405279,0.0408778809,0.6343811993,0.007807054382,0.6307666975,0.0197043199,0.6986090295,0.01184059482,not_applicable,server_official_e200_pan_e30
pan,3,only_kg,5,0.7579382585,0.05648221311,0.742332929,0.02663030864,0.7594373704,0.04327974307,0.7158895273,0.02033790526,not_applicable,server_official_e200_pan_e30
pan,3,umt,5,0.7671146799,0.05603560328,0.7399972821,0.02594016787,0.7621063079,0.03905560547,0.7174267537,0.01533122201,UMT,server_official_e200_pan_e30
pan,3,ume,5,0.7355055857,0.07477857447,0.7310116807,0.04837928696,0.735357271,0.06212705143,0.7219623981,0.02198341998,UME,server_official_e200_pan_e30
